team_global_id,player_global_id,player_firstname,player_lastname,player_position,player_number,player_status,           player_id,player_height,player_weight,player_birthdate,           player_birthcity,player_birthstate,player_birthcountry,player_schoolid,           player_school,player_highschoolstate,player_firstyear,player_experience,           player_suspended,player_draftround,player_draftpick,
24,3508,Tony,Parker,Point Guard,9,true,3527,74,180,1982,Bruges,,Belgium,,None,,2001,11,false,1,28,
24,421084,Eric,Dawson,Forward,23,false,5005,79,255,1984,San Antonio,Texas,United States,369,Midwestern State,TX,2011,1,false,Undrafted,,
24,172546,Ike,Diogu,Forward-Center,1,false,3935,81,250,1983,Buffalo,New York,United States,58,Arizona State,TX,2005,6,false,1,9,
24,57782,Matt,Bonner,Power Forward,15,true,3748,82,240,1980,Concord,New Hampshire,United States,67,Florida,NH,2004,8,false,2,16,
24,173920,Derrick,Byars,Guard-Forward,34,true,4319,79,220,1984,Memphis,Tennessee,United States,72,Vanderbilt,TN,2011,1,false,2,12,
24,393436,Tiago,Splitter,Center,22,true,4306,83,232,1985,Blumenau,,Brazil,,None,,2010,2,false,1,28,
24,3361,Manu,Ginobili,Guard-Forward,20,true,3380,78,205,1977,Bahia Blanca,,Argentina,,None,,2002,10,false,2,28,
24,411562,Patrick,Mills,Point Guard,8,true,4660,72,185,1988,Canberra,,Australia,220,Saint Mary's,,2009,3,false,2,25,
24,173407,Gary,Neal,Guard,14,true,4796,76,210,1984,Baltimore,Maryland,United States,221,Towson,MD,2010,2,false,Undrafted,,
24,65799,T.J.,Ford,Point Guard,16,false,3711,72,165,1983,Houston,Texas,United States,83,Texas,TX,2003,8,false,1,8,
24,399702,James,Anderson,Guard-Forward,25,false,4751,78,215,1989,Junction City,Arkansas,United States,25,Oklahoma State,AR,2010,2,false,1,20,
24,3192,Stephen,Jackson,Guard-Forward,3,true,3210,80,220,1978,Houston,Texas,United States,,None,VA,2000,12,false,2,14,
24,3155,Tim,Duncan,Forward-Center,21,true,3173,83,260,1976,St. Croix,,U.S. Virgin Islands,9,Wake Forest,,1997,15,false,1,1,
24,295922,Danny,Green,Guard-Forward,4,true,4651,78,210,1987,North Babylon,New York,United States,6,North Carolina,NY,2009,3,false,2,16,
24,214157,Boris,Diaw,Forward-Center,33,true,3724,80,245,1982,Cormeilles-en-Parisis,,France,,None,,2003,9,false,1,21,
24,411458,Malcolm,Thomas,Forward,23,false,4968,81,215,1988,San Diego,California,United States,93,San Diego State,,2011,1,false,Undrafted,,
24,402377,DeJuan,Blair,Forward-Center,45,true,4642,79,265,1989,Pittsburgh,Pennsylvania,United States,12,Pittsburgh,PA,2009,3,false,2,7,
24,512591,Kawhi,Leonard,Guard-Forward,2,true,4896,78,225,1991,Riverside,California,United States,93,San Diego State,CA,2011,1,false,1,15,
24,552805,Cory,Joseph,Point Guard,5,true,4911,75,185,1991,Toronto,Ontario,Canada,83,Texas,NV,2011,1,false,1,29,
25,330408,Lazar,Hayward,Small Forward,11,true,4761,78,225,1986,Buffalo,New York,United States,653,Marquette,MA,2010,2,false,1,30,
25,329187,Thabo,Sefolosha,Guard-Forward,2,true,4141,79,215,1984,Vevey,,Switzerland,,None,,2006,6,false,1,13,
25,395388,James,Harden,Guard-Forward,13,true,4563,77,220,1989,Los Angeles,California,United States,58,Arizona State,CA,2009,3,false,1,3,
25,3107,Derek,Fisher,Point Guard,37,false,3125,73,210,1974,Little Rock,Arkansas,United States,679,Arkansas-Little Rock,AR,1996,16,false,1,24,
25,3254,Nazr,Mohammed,Center,50,true,3272,82,250,1977,Chicago,Illinois,United States,69,Kentucky,IL,1998,14,false,1,29,
25,456450,Serge,Ibaka,Forward-Center,9,true,4486,82,235,1989,Brazzaville,,Congo,,None,,2009,3,false,1,24,
25,57819,Nick,Collison,Forward-Center,4,true,3715,82,255,1980,Orange City,Iowa,United States,20,Kansas,IA,2003,8,false,1,12,
25,300788,Eric,Maynor,Point Guard,6,true,4625,75,170,1987,Raeford,North Carolina,United States,651,Virginia Commonwealth,NC,2009,3,false,1,20,
25,62142,Royal,Ivey,Shooting Guard,27,true,3854,76,215,1981,Harlem,New York,United States,83,Texas,NJ,2004,8,false,2,8,
25,214162,Kendrick,Perkins,Center,5,true,3730,82,275,1984,Nederland,Texas,United States,,None,TX,2003,9,false,1,27,
25,398443,Cole,Aldrich,Center,45,true,4726,83,240,1988,Burnsville,Minnesota,United States,20,Kansas,MN,2010,2,false,1,11,
25,295851,Ryan,Reid,Power Forward,33,false,4788,80,235,1986,Lauderdale Lakes,Florida,United States,3,Florida State,FL,2011,1,false,2,27,
25,462444,Reggie,Jackson,Point Guard,15,true,4906,75,208,1990,Pordenone,,Italy,10,Boston College,CO,2011,1,false,1,24,
25,329525,Kevin,Durant,Small Forward,35,true,4244,81,235,1988,Washington,District of Columbia,United States,83,Texas,MD,2007,5,false,1,2,
25,329471,Daequan,Cook,Shooting Guard,14,true,4299,77,210,1987,Dayton,Ohio,United States,33,Ohio State,OH,2007,5,false,1,21,
25,329830,Russell,Westbrook,Point Guard,0,true,4390,75,190,1988,Long Beach,California,United States,64,UCLA,CA,2008,4,false,1,4,
26,3509,Jamaal,Tinsley,Point Guard,6,true,3528,75,197,1978,Brooklyn,New York,United States,19,Iowa State,NY,2001,9,false,1,27,
26,502808,Derrick,Favors,Forward-Center,15,true,4718,82,248,1991,Atlanta,Georgia,United States,4,Georgia Tech,GA,2010,2,false,1,3,
26,3448,Raja,Bell,Shooting Guard,19,true,3467,77,210,1976,St. Croix,,U.S. Virgin Islands,689,Florida International,FL,2000,12,false,Undrafted,,
26,253995,Al,Jefferson,Forward-Center,25,true,3832,82,289,1985,Monticello,Mississippi,United States,,None,MS,2004,8,false,1,15,
26,292394,C.J.,Miles,Guard-Forward,34,true,3960,78,222,1987,Dallas,Texas,United States,,None,TX,2005,7,false,2,4,
26,512995,Alec,Burks,Shooting Guard,10,true,4893,78,202,1991,Grandview,Missouri,United States,18,Colorado,MO,2011,1,false,1,12,
26,262890,DeMarre,Carroll,Power Forward,3,true,4632,80,212,1986,Birmingham,Alabama,United States,22,Missouri,AL,2009,3,false,1,27,
26,553574,Enes,Kanter,Center,0,true,4899,83,262,1992,Zurich,,Switzerland,69,Kentucky,,2011,1,false,1,3,
26,3530,Earl,Watson,Point Guard,11,true,3549,73,199,1979,Kansas City,Kansas,United States,64,UCLA,KS,2001,11,false,2,11,
26,340764,Jeremy,Evans,Forward,40,true,4786,81,194,1987,Crossett,Arkansas,United States,224,Western Kentucky,AR,2010,2,false,2,25,
26,237675,Paul,Millsap,Power Forward,24,true,4175,80,250,1985,Monroe,Louisiana,United States,38,Louisiana Tech,LA,2006,6,false,2,17,
26,229993,Blake,Ahearn,Point Guard,2,true,4386,74,190,1984,St. Louis,Missouri,United States,125,Missouri State,,2007,3,false,Undrafted,,
26,65820,Devin,Harris,Point Guard,6,true,3822,75,192,1983,Milwaukee,Wisconsin,United States,36,Wisconsin,WI,2004,8,false,1,5,
26,477667,Gordon,Hayward,Guard-Forward,20,true,4724,81,210,1990,Brownsburg,Indiana,United States,165,Butler,IN,2010,2,false,1,9,
26,58063,Josh,Howard,Guard-Forward,8,false,3732,79,210,1980,Winston-Salem,North Carolina,United States,9,Wake Forest,NC,2003,9,false,1,29,
27,66922,Maurice,Evans,Guard-Forward,6,false,3568,77,220,1978,Wichita,Kansas,United States,83,Texas,KS,2001,9,false,Undrafted,,
27,477669,Shelvin,Mack,Point Guard,22,true,4916,75,210,1990,Lexington,Kentucky,United States,165,Butler,KY,2011,1,false,2,4,
27,58102,Brian,Cook,Power Forward,43,false,3727,81,250,1980,Lincoln,Illinois,United States,26,Illinois,IL,2003,9,false,1,24,
27,457185,Chris,Singleton,Small Forward,31,true,4900,80,225,1989,Canton,Georgia,United States,3,Florida State,GA,2011,1,false,1,18,
27,329875,Hamady,Ndiaye,Center,55,false,4787,84,235,1987,Dakar,,Senegal,13,Rutgers,CA,2010,2,false,2,26,
27,550427,Kevin,Seraphin,Forward-Center,13,true,4748,81,278,1989,Cayenne,,France,,None,,2010,2,false,1,17,
27,509456,John,Wall,Point Guard,2,true,4716,76,207,1990,Raleigh,North Carolina,United States,69,Kentucky,NC,2010,2,false,1,1,
27,3257,Rashard,Lewis,Forward,9,true,3275,82,230,1979,Pineville,Louisiana,United States,,None,TX,1998,14,false,2,3,
27,338833,Edwin,Ubiles,Guard-Forward,1,false,4948,78,204,1986,Poughkeepsie,New York,United States,140,Siena,,2011,1,false,Undrafted,,
27,292404,Andray,Blatche,Forward-Center,7,false,3975,83,267,1986,Syracuse,New York,United States,,None,CT,2005,7,false,2,19,
27,168036,Roger,Mason,Shooting Guard,8,true,3628,77,205,1980,Washington,District of Columbia,United States,8,Virginia,MD,2002,8,false,2,2,
27,66594,James,Singleton,Forward,3,true,4055,80,230,1981,Chicago,Illinois,United States,154,Murray State,IL,2005,5,false,Undrafted,,
27,330453,Trevor,Booker,Power Forward,35,true,4754,80,235,1987,Whitmire,South Carolina,United States,1,Clemson,SC,2010,2,false,1,23,
27,229758,Cartier,Martin,Guard-Forward,20,true,4559,79,220,1984,Crockett,Texas,United States,21,Kansas State,TX,2008,4,false,Undrafted,,
27,229631,Morris,Almond,Guard-Forward,21,true,4303,78,225,1985,Dalton,Georgia,United States,81,Rice,GA,2007,3,false,1,25,
27,401082,Jordan,Crawford,Guard,15,true,4758,76,195,1988,Detroit,Michigan,United States,635,Xavier,MI,2010,2,false,1,27,
27,599786,Jan,Vesely,Power Forward,24,true,4887,83,235,1990,Moravska Ostrava,,Czechoslovakia,,None,,2011,1,false,1,6,
27,168013,Nene,Hilario,Forward-Center,42,true,3605,83,250,1982,Sao Carlos,,Brazil,,None,,2002,10,false,1,7,
20,457598,Nikola,Vucevic,Forward-Center,8,true,4897,82,240,1990,Morges,,Switzerland,62,USC,,2011,1,false,1,16,
20,399732,Craig,Brackins,Power Forward,33,false,4752,82,230,1987,Los Angeles,California,United States,19,Iowa State,NH,2010,2,false,1,21,
20,267096,Andres,Nocioni,Forward,5,false,3882,79,225,1979,Santa Fe,,Argentina,,None,,2004,8,false,Undrafted,,
20,398068,Evan,Turner,Guard-Forward,12,true,4717,79,205,1988,Chicago,Illinois,United States,33,Ohio State,IL,2010,2,false,1,2,
20,329862,Jodie,Meeks,Shooting Guard,20,true,4646,76,208,1987,Norcross,Georgia,United States,69,Kentucky,GA,2009,3,false,2,11,
20,402984,Lavoy,Allen,Forward-Center,50,true,4932,81,225,1989,Morrisville,Pennsylvania,United States,15,Temple,PA,2011,1,false,2,20,
20,297592,Sam,Young,Guard-Forward,7,true,4641,78,220,1985,Washington,District of Columbia,United States,12,Pittsburgh,MD,2009,3,false,2,6,
20,3345,Francisco,Elson,Forward-Center,16,false,3364,84,240,1976,Rotterdam,,Netherlands,59,California,,2003,9,false,2,12,
20,329551,Xavier,Silas,Shooting Guard,25,true,4962,77,205,1988,Austin,Texas,United States,42,Northern Illinois,,2011,1,false,Undrafted,,
20,329683,Thaddeus,Young,Forward,21,true,4290,80,220,1988,New Orleans,Louisiana,United States,4,Georgia Tech,TN,2007,5,false,1,12,
20,329824,Spencer,Hawes,Center,0,true,4288,85,245,1988,Seattle,Washington,United States,65,Washington,WA,2007,5,false,1,10,
20,292401,Lou,Williams,Guard,23,true,3971,73,175,1986,Lithonia,Georgia,United States,,None,GA,2005,7,false,2,15,
20,173004,Andre,Iguodala,Guard-Forward,9,true,3826,78,207,1984,Springfield,Illinois,United States,57,Arizona,IL,2004,8,false,1,9,
20,3306,Elton,Brand,Forward-Center,42,true,3324,81,254,1979,Peekskill,New York,United States,2,Duke,NY,1999,13,false,1,1,
20,3158,Tony,Battie,Center,4,false,3176,83,240,1976,Dallas,Texas,United States,86,Texas Tech,TX,1997,14,false,1,5,
20,457576,Jrue,Holiday,Point Guard,11,true,4622,76,180,1990,Chatsworth,California,United States,64,UCLA,,2009,3,false,1,17,
21,2617,Grant,Hill,Forward,33,true,2626,80,225,1972,Dallas,Texas,United States,2,Duke,VA,1994,17,false,1,3,
21,65926,Hakim,Warrick,Power Forward,26,true,3945,81,219,1982,Philadelphia,Pennsylvania,United States,14,Syracuse,PA,2005,7,false,1,19,
21,253992,Sebastian,Telfair,Point Guard,31,true,3830,72,170,1985,Brooklyn,New York,United States,,None,NY,2004,8,false,1,13,
21,330050,Robin,Lopez,Center,15,true,4477,84,255,1988,North Hollywood,California,United States,63,Stanford,CA,2008,4,false,1,15,
21,3423,Michael,Redd,Guard-Forward,22,false,3442,78,215,1979,Columbus,Ohio,United States,33,Ohio State,OH,2000,12,false,2,14,
21,241712,Jared,Dudley,Guard-Forward,3,true,4300,79,225,1985,San Diego,California,United States,10,Boston College,CA,2007,5,false,1,22,
21,76032,Ronnie,Price,Guard,1,true,3990,74,190,1983,Friendswood,Texas,United States,2243,Utah Valley University,TX,2005,7,false,Undrafted,,
21,230001,Shannon,Brown,Shooting Guard,26,true,4153,76,210,1985,Maywood,Illinois,United States,30,Michigan State,IL,2006,6,false,1,25,
21,65871,Channing,Frye,Forward-Center,8,true,3934,83,245,1983,White Plains,New York,United States,57,Arizona,AZ,2005,7,false,1,8,
21,469085,Markieff,Morris,Power Forward,11,true,4894,82,245,1989,Philadelphia,Pennsylvania,United States,20,Kansas,PA,2011,1,false,1,13,
21,3085,Steve,Nash,Point Guard,10,true,3103,75,178,1974,Johannesburg,,South Africa,697,Santa Clara,BC,1996,16,false,1,15,
21,75956,Josh,Childress,Guard-Forward,1,false,3823,80,209,1983,Harbor City,California,United States,63,Stanford,CA,2004,6,false,1,6,
21,292408,Marcin,Gortat,Center,4,true,3983,83,240,1984,Lodz,,Poland,,None,,2007,5,false,2,27,
22,266554,LaMarcus,Aldridge,Forward-Center,12,true,4130,83,246,1985,Dallas,Texas,United States,83,Texas,TX,2006,6,false,1,2,
22,462071,Luke,Babbitt,Small Forward,8,true,4731,81,217,1989,Cincinnati,Ohio,United States,39,Nevada,NV,2010,2,false,1,16,
22,172884,Craig,Smith,Power Forward,83,false,4164,79,265,1983,Inglewood,California,United States,10,Boston College,CA,2006,6,false,2,6,
22,2994,Kurt,Thomas,Forward-Center,40,true,3012,81,230,1972,Dallas,Texas,United States,85,TCU,TX,1995,17,false,1,10,
22,398429,Nolan,Smith,Point Guard,4,true,4903,74,185,1988,Louisville,Kentucky,United States,2,Duke,VA,2011,1,false,1,21,
22,3388,Jamal,Crawford,Guard,11,true,3407,77,200,1980,Seattle,Washington,United States,29,Michigan,WA,2000,12,false,1,8,
22,174063,Raymond,Felton,Guard,10,true,3931,73,205,1984,Marion,South Carolina,United States,6,North Carolina,SC,2005,7,false,1,5,
22,467272,Elliot,Williams,Shooting Guard,9,true,4753,77,183,1989,Memphis,Tennessee,United States,101,Memphis,TN,2010,1,false,1,22,
22,456451,Nicolas,Batum,Guard-Forward,88,true,4487,80,210,1988,Lisieux,,France,,None,,2008,4,false,1,25,
22,329487,Hasheem,Thabeet,Center,34,true,4562,87,263,1987,Dar es Salaam,,Tanzania,202,Connecticut,,2009,3,false,1,2,
22,402381,Jonny,Flynn,Point Guard,3,false,4611,72,185,1989,Niagara Falls,New York,United States,14,Syracuse,,2009,3,false,1,6,
22,400585,J.J.,Hickson,Forward-Center,21,true,4481,81,250,1988,Fort Lauderdale,Florida,United States,7,North Carolina State,GA,2008,4,false,1,19,
22,3389,Joel,Przybilla,Center,10,true,3408,85,259,1979,Monticello,Minnesota,United States,31,Minnesota,MN,2000,12,false,1,9,
22,295809,Wesley,Matthews,Guard-Forward,2,true,4694,77,220,1986,San Antonio,Texas,United States,653,Marquette,WI,2009,3,false,Undrafted,,
23,457605,Isaiah,Thomas,Point Guard,22,true,4942,69,185,1989,Tacoma,Washington,United States,65,Washington,CT,2011,1,false,2,30,
23,174054,Francisco,Garcia,Guard-Forward,32,true,3949,79,195,1981,Santo Domingo,,Dominican Republic,100,Louisville,MA,2005,7,false,1,23,
23,513492,Tyler,Honeycutt,Small Forward,3,true,4917,80,188,1990,Sylmar,California,United States,64,UCLA,CA,2011,1,false,2,5,
23,297568,Terrence,Williams,Guard-Forward,55,true,4616,78,220,1987,Seattle,Washington,United States,100,Louisville,,2009,3,false,1,11,
23,400661,Jimmer,Fredette,Point Guard,7,true,4891,74,195,1989,Glen Falls,New York,United States,88,Brigham Young,NY,2011,1,false,1,10,
23,168032,John,Salmons,Guard-Forward,5,true,3624,78,207,1979,Philadelphia,Pennsylvania,United States,11,Miami (FL),PA,2002,10,false,1,26,
23,509450,DeMarcus,Cousins,Forward-Center,15,true,4720,83,270,1990,Mobile,Alabama,United States,69,Kentucky,AL,2010,2,false,1,5,
23,278317,Jason,Thompson,Forward-Center,34,true,4474,83,250,1986,Mount Laurel,New Jersey,United States,675,Rider,NJ,2008,4,false,1,12,
23,402382,Donte,Greene,Forward,20,true,4490,83,226,1988,Munich,,West Germany,14,Syracuse,MD,2008,4,false,1,28,
23,214159,Travis,Outlaw,Forward,25,true,3726,81,207,1984,Starkville,Mississippi,United States,,None,MS,2003,9,false,1,23,
23,65844,Chuck,Hayes,Forward-Center,42,true,4023,78,250,1983,San Leandro,California,United States,69,Kentucky,CA,2005,7,false,Undrafted,,
23,513234,Hassan,Whiteside,Center,33,false,4764,84,235,1989,Gastonia,North Carolina,United States,176,Marshall,NC,2010,2,false,2,3,
23,398590,Marcus,Thornton,Shooting Guard,23,true,4648,76,205,1987,Baton Rouge,Louisiana,United States,76,LSU,LA,2009,3,false,2,13,
23,464841,Tyreke,Evans,Guard-Forward,13,true,4564,78,220,1989,Chester,Pennsylvania,United States,101,Memphis,PA,2009,3,false,1,4,
5312,599797,Bismack,Biyombo,Forward-Center,0,true,4888,81,245,1992,Lubumbashi,,Congo,,None,,2011,1,false,1,7,
5312,405832,Cory,Higgins,Guard,11,true,4999,77,180,1989,Danville,Colorado,United States,18,Colorado,,2011,1,false,Undrafted,,
5312,263902,Tyrus,Thomas,Forward-Center,12,true,4132,82,225,1986,Baton Rouge,Louisiana,United States,76,LSU,LA,2006,6,false,1,4,
5312,264163,DJ,White,Power Forward,8,true,4491,81,235,1986,Tuscaloosa,Alabama,United States,27,Indiana,AL,2008,4,false,1,29,
5312,3499,DeSagana,Diop,Center,7,true,3518,84,280,1982,Dakar,,Senegal,,None,VA,2001,11,false,1,8,
5312,329887,Gerald,Henderson,Guard-Forward,15,true,4617,77,215,1987,Caldwell,New Jersey,United States,2,Duke,PA,2009,3,false,1,12,
5312,295773,Derrick,Brown,Forward,4,false,4645,80,233,1987,Oakland,California,United States,635,Xavier,OH,2009,3,false,2,10,
5312,57830,Matt,Carroll,Guard-Forward,33,true,3785,78,212,1980,Pittsburgh,Pennsylvania,United States,104,Notre Dame,PA,2003,9,false,Undrafted,,
5312,310086,Jamario,Moon,Small Forward,9,true,4342,80,205,1980,Goodwater,Alabama,United States,13934,Meridian (MS) CC,AL,2007,5,false,Undrafted,,
5312,3318,Corey,Maggette,Forward,50,true,3336,78,225,1979,Melrose Park,Illinois,United States,2,Duke,IL,1999,13,false,1,13,
5312,468576,Byron,Mullens,Forward-Center,22,true,4629,84,275,1989,Canal Winchester,Ohio,United States,33,Ohio State,OH,2009,3,false,1,24,
5312,278973,Reggie,Williams,Guard-Forward,55,true,4710,78,205,1986,Prince George,Virginia,United States,178,Virginia Military,VA,2009,3,false,Undrafted,,
5312,462980,Kemba,Walker,Point Guard,1,true,4890,73,184,1990,Bronx,New York,United States,202,Connecticut,NY,2011,1,false,1,9,
5312,329524,D.J.,Augustin,Point Guard,14,true,4471,72,180,1987,New Orleans,Louisiana,United States,83,Texas,TX,2008,4,false,1,9,
5312,3418,Eduardo,Najera,Forward-Center,21,false,3437,80,235,1976,Meoqui, Chihuahua,,Mexico,24,Oklahoma,TX,2000,12,false,2,9
28,398037,James,Johnson,Forward,2,true,4621,81,248,1987,Cheyenne,Wyoming,United States,9,Wake Forest,WY,2009,3,false,1,16,
28,168058,Rasual,Butler,Guard-Forward,9,false,3650,79,215,1979,Philadelphia,Pennsylvania,United States,633,La Salle,PA,2002,10,false,2,24,
28,395391,Jerryd,Bayless,Guard,6,true,4473,75,208,1988,Phoenix,Arizona,United States,57,Arizona,AZ,2008,4,false,1,11,
28,462458,Ed,Davis,Forward-Center,32,true,4728,82,232,1989,Washington,District of Columbia,United States,6,North Carolina,VA,2010,2,false,1,13,
28,3377,Anthony,Carter,Point Guard,25,false,3396,73,190,1975,Atlanta,Georgia,United States,91,Hawaii,GA,1999,13,false,Undrafted,,
28,329185,Andrea,Bargnani,Forward-Center,7,true,4129,84,256,1985,Rome,,Italy,,None,,2006,6,false,1,1,
28,329513,Ben,Uzoh,Guard,18,true,4792,75,205,1988,Houston,Texas,United States,107,Tulsa,TX,2010,2,false,Undrafted,,
28,457594,DeMar,DeRozan,Guard-Forward,10,true,4614,79,216,1989,Compton,California,United States,62,USC,,2009,3,false,1,9,
28,398062,Solomon,Alabi,Center,50,true,4781,85,252,1988,Kaduna,,Nigeria,3,Florida State,FL,2010,2,false,2,20,
28,229572,Gary,Forbes,Guard-Forward,44,true,4805,79,220,1985,Panama City,,Panama,204,Massachusetts,DC,2010,2,false,Undrafted,,
28,292407,Amir,Johnson,Forward-Center,15,true,3982,81,210,1987,Los Angeles,California,United States,,None,CA,2005,7,false,2,26,
28,3399,Jamaal,Magloire,Center,21,false,3418,83,265,1978,Toronto,Ontario,Canada,69,Kentucky,ON,2000,12,false,1,19,
28,295408,Justin,Dentmon,Point Guard,1,false,4963,72,185,1985,Carbondale,Illinois,United States,65,Washington,,2011,1,false,Undrafted,,
28,229768,Linas,Kleiza,Small Forward,11,true,3953,80,234,1985,Kaunas,,USSR,22,Missouri,MD,2005,6,false,1,27,
28,66858,Alan,Anderson,Guard-Forward,6,true,3995,78,220,1982,Minneapolis,Minnesota,United States,30,Michigan State,MN,2005,3,false,Undrafted,,
28,229898,Aaron,Gray,Center,34,true,4326,84,270,1984,Tarzana,California,United States,12,Pittsburgh,PA,2007,5,false,2,19,
28,296475,Jose,Calderon,Point Guard,8,true,3989,75,211,1981,Villanueva de la Serena,,Spain,,None,,2005,7,false,Undrafted,,
29,266358,Rudy,Gay,Forward,22,true,4136,80,230,1986,Baltimore,Maryland,United States,202,Connecticut,MD,2006,6,false,1,8,
29,237639,Josh,Davis,Power Forward,18,false,3805,80,235,1980,Salem,Oregon,United States,96,Wyoming,OR,2003,4,false,Undrafted,,
29,172922,Tony,Allen,Guard-Forward,9,true,3842,76,213,1982,Chicago,Illinois,United States,25,Oklahoma State,IL,2004,8,false,1,25,
29,3512,Zach,Randolph,Forward-Center,50,true,3531,81,260,1981,Marion,Indiana,United States,30,Michigan State,IN,2001,11,false,1,19,
29,553138,Josh,Selby,Point Guard,2,true,4931,74,183,1991,Baltimore,Maryland,United States,20,Kansas,MD,2011,1,false,2,19,
29,3247,Brian,Skinner,Forward-Center,3,false,3265,81,255,1976,Temple,Texas,United States,79,Baylor,TX,1998,14,false,1,22,
29,395372,O.J.,Mayo,Shooting Guard,33,true,4389,76,210,1987,Huntington,West Virginia,United States,62,USC,WV,2008,4,false,1,3,
29,393441,Marc,Gasol,Center,33,true,4325,85,265,1985,Barcelona,,Spain,,None,,2008,4,false,2,18,
29,330421,Marreese,Speights,Forward-Center,5,true,4478,82,245,1987,St. Petersburg,Florida,United States,67,Florida,VA,2008,4,false,1,16,
29,411378,Lester,Hudson,Guard,14,true,4663,75,190,1984,Memphis,Tennessee,United States,156,Tennessee-Martin,,2009,3,false,2,28,
29,295799,Dante,Cunningham,Power Forward,44,true,4638,80,227,1987,Clinton,Maryland,United States,199,Villanova,MD,2009,3,false,2,3,
29,329825,Quincy,Pondexter,Guard-Forward,20,true,4757,78,215,1988,Fresno,California,United States,65,Washington,CA,2010,2,false,1,26,
29,3521,Gilbert,Arenas,Guard,10,false,3540,76,215,1982,Los Angeles,California,United States,57,Arizona,CA,2001,11,false,2,2,
29,329468,Mike,Conley,Point Guard,11,true,4246,73,185,1987,Indianapolis,Indiana,United States,33,Ohio State,IN,2007,5,false,1,4,
29,295903,Jeremy,Pargo,Point Guard,12,true,4954,74,219,1986,Chicago,Illinois,United States,694,Gonzaga,IL,2011,1,false,Undrafted,,
29,473976,Hamed,Haddadi,Center,15,true,4531,86,265,1985,Ahvaz,,Iran,,None,,2008,4,false,Undrafted,,
1,263884,Marvin,Williams,Small Forward,27,true,3928,81,245,1986,Bremerton,Washington,United States,6,North Carolina,WA,2005,7,false,1,2,
1,398043,Jeff,Teague,Point Guard,0,true,4624,74,181,1988,Indianapolis,Indiana,United States,9,Wake Forest,IN,2009,3,false,1,19,
1,295791,Ivan,Johnson,Power Forward,44,true,4958,80,230,1984,San Antonio,Texas,United States,2228,Cal State-San Bernardino,,2011,1,false,Undrafted,,
1,253996,Josh,Smith,Forward,5,true,3834,81,225,1985,College Park,Georgia,United States,,None,VA,2004,8,false,1,17,
1,3501,Joe,Johnson,Guard-Forward,2,true,3520,79,240,1981,Little Rock,Arkansas,United States,74,Arkansas,AR,2001,11,false,1,10,
1,280587,Al,Horford,Forward-Center,15,true,4245,82,250,1986,Puerto Plata,,Dominican Republic,67,Florida,MI,2007,5,false,1,3,
1,3503,Vladimir,Radmanovic,Forward,77,true,3522,82,240,1980,Trebinje,,Yugoslavia,,None,,2001,11,false,1,12,
1,2987,Jerry,Stackhouse,Guard-Forward,42,true,3005,78,218,1974,Kinston,North Carolina,United States,6,North Carolina,VA,1995,17,false,1,3,
1,58948,Willie,Green,Shooting Guard,30,true,3744,75,201,1981,Detroit,Michigan,United States,664,Detroit,MI,2003,9,false,2,12,
1,171438,Jannero,Pargo,Point Guard,7,false,3660,73,185,1979,Chicago,Illinois,United States,74,Arkansas,IL,2002,8,false,Undrafted,,
1,57820,Kirk,Hinrich,Guard,6,true,3710,76,190,1981,Sioux City,Iowa,United States,20,Kansas,IA,2003,9,false,1,7,
1,3099,Erick,Dampier,Center,25,false,3117,83,265,1975,Jackson,Mississippi,United States,78,Mississippi State,MS,1996,16,false,1,10,
1,3511,Jason,Collins,Center,35,true,3530,84,255,1978,Northridge,California,United States,63,Stanford,CA,2001,11,false,1,18,
1,214168,Zaza,Pachulia,Center,27,true,3745,83,275,1984,Tbilisi,,USSR,,None,,2003,9,false,2,13,
1,3161,Tracy,McGrady,Guard,1,false,3179,80,225,1979,Bartow,Florida,United States,,None,NC,1997,15,false,1,9,
3,263028,Carl,Landry,Forward,24,true,4309,81,248,1983,Milwaukee,Wisconsin,United States,35,Purdue,WI,2007,5,false,2,1,
3,65903,Emeka,Okafor,Center,50,true,3819,82,255,1982,Houston,Texas,United States,202,Connecticut,TX,2004,8,false,1,2,
3,178537,Jarrett,Jack,Guard,2,true,3948,75,197,1983,Fort Washington,Maryland,United States,4,Georgia Tech,MA,2005,7,false,1,22,
3,263012,Solomon,Jones,Forward-Center,18,false,4161,82,245,1984,Eustis,Florida,United States,655,South Florida,FL,2006,6,false,2,3,
3,637935,Gustavo,Ayon,Forward-Center,16,true,5004,82,245,1985,Tepic,Mexico,Mexico,,None,,2011,1,false,Undrafted,,
3,401085,Eric,Gordon,Shooting Guard,10,true,4469,75,215,1988,Indianapolis,Indiana,United States,27,Indiana,IN,2008,4,false,1,7,
3,329890,Lance,Thomas,Forward,42,true,4966,80,225,1988,Scotch Plains,New Jersey,United States,2,Duke,,2011,1,false,Undrafted,,
3,393434,Marco,Belinelli,Shooting Guard,17,true,4296,77,195,1986,Bologna,,Italy,,None,,2007,5,false,1,18,
3,62176,Chris,Kaman,Forward-Center,35,true,3709,84,265,1982,Wyoming,Michigan,United States,50,Central Michigan,MI,2003,9,false,1,6,
3,332666,Greivis,Vasquez,Guard,21,true,4759,78,211,1987,Caracas,,Venezuela,5,Maryland,MD,2010,2,false,1,28,
3,513058,Xavier,Henry,Shooting Guard,4,true,4727,78,220,1991,Ghent,,Belgium,20,Kansas,OK,2010,2,false,1,12,
3,242654,Carldell,Johnson,Point Guard,5,false,4965,70,180,1983,New Orleans,Louisiana,United States,207,UAB,,2011,1,false,Undrafted,,
3,457688,Al-Farouq,Aminu,Small Forward,0,true,4723,81,215,1990,Atlanta,Georgia,United States,9,Wake Forest,GA,2010,2,false,1,8,
3,301807,Trey,Johnson,Shooting Guard,13,false,4352,77,215,1984,Jackson,Mississippi,United States,190,Jackson State,MS,2008,3,false,Undrafted,,
3,313083,Jeff,Foote,Center,54,false,5002,84,265,1987,Lockwood,New York,United States,129,Cornell,NY,2011,1,false,Undrafted,,
3,329481,Jerome,Dyson,Point Guard,21,true,4832,76,190,1987,Rockville,Maryland,United States,202,Connecticut,NH,2011,1,false,Undrafted,,
3,229738,Trevor,Ariza,Guard-Forward,1,true,3860,80,210,1985,Miami,Florida,United States,64,UCLA,CA,2004,8,false,2,14,
3,263894,Jason,Smith,Forward-Center,14,true,4298,84,240,1986,Greeley,Colorado,United States,89,Colorado State,CO,2007,4,false,1,20,
3,295387,Chris,Johnson,Center,20,false,4839,83,210,1985,Washington,District of Columbia,United States,76,LSU,NC,2010,2,false,Undrafted,,
3,332668,DaJuan,Summers,Forward,22,false,4639,80,240,1988,Baltimore,Maryland,United States,137,Georgetown,MD,2009,3,false,2,5,
3,229826,Darryl,Watkins,Center,31,false,4380,83,258,1984,Paterson,New Jersey,United States,14,Syracuse,NJ,2007,2,false,Undrafted,,
2,398424,E'Twaun,Moore,Guard,55,false,4937,76,191,1989,East Chicago,Indiana,United States,35,Purdue,IN,2011,1,false,2,25,
2,3390,Keyon,Dooling,Guard,51,true,3409,75,195,1980,Fort Lauderdale,Florida,United States,22,Missouri,FL,2000,12,false,1,10,
2,2989,Kevin,Garnett,Forward-Center,5,true,3007,83,253,1976,Mauldin,South Carolina,United States,,None,IL,1995,17,false,1,5,
2,513607,Avery,Bradley,Guard,0,true,4750,74,180,1990,Tacoma,Washington,United States,83,Texas,NV,2010,2,false,1,19,
2,398422,JaJuan,Johnson,Power Forward,33,true,4909,82,221,1989,Indianapolis,Indiana,United States,35,Purdue,IN,2011,1,false,1,27,
2,3235,Paul,Pierce,Small Forward,34,true,3253,79,231,1977,Oakland,California,United States,20,Kansas,CA,1998,14,false,1,10,
2,263025,Greg,Stiemsma,Center,54,true,4714,83,260,1985,Randolph,Wisconsin,United States,36,Wisconsin,WI,2009,1,false,Undrafted,,
2,229792,Brandon,Bass,Forward-Center,30,true,3959,80,250,1985,Baton Rouge,Louisiana,United States,76,LSU,LA,2005,7,false,2,3,
2,262882,Rajon,Rondo,Point Guard,9,true,4149,73,186,1986,Louisville,Kentucky,United States,69,Kentucky,VA,2006,6,false,1,21,
2,3102,Jermaine,O'Neal,Center,7,true,3120,83,268,1978,Columbia,South Carolina,United States,,None,SC,1996,16,false,1,17,
2,3062,Ray,Allen,Shooting Guard,34,true,3080,77,206,1975,Castle AFB, Merced,California,United States,202,Connecticut,SC,1996,16,false,1,5
2,263267,Sean,Williams,Forward-Center,56,true,4295,82,235,1986,Houston,Texas,United States,10,Boston College,TX,2007,4,false,1,17,
2,214156,Sasha,Pavlovic,Guard-Forward,13,true,3722,79,235,1983,Bar,,Yugoslavia,,None,,2003,9,false,1,19,
2,225415,Marquis,Daniels,Guard-Forward,4,false,3764,78,200,1981,Jasper,Florida,United States,75,Auburn,FL,2003,9,false,Undrafted,,
2,168014,Chris,Wilcox,Forward-Center,44,true,3606,82,235,1982,Raleigh,North Carolina,United States,5,Maryland,NC,2002,10,false,1,8,
2,177575,Ryan,Hollins,Center,50,true,4179,84,240,1984,Pasadena,California,United States,64,UCLA,CA,2006,6,false,2,20,
2,214154,Mickael,Pietrus,Guard-Forward,28,false,3714,78,215,1982,Les Abymes,Guadeloupe,France,,None,,2003,9,false,1,11,
5,254009,Anderson,Varejao,Forward-Center,17,true,3847,83,260,1982,Santa Teresa,,Brazil,,None,,2004,8,false,2,1,
5,552806,Tristan,Thompson,Forward-Center,13,true,4884,81,227,1991,Brampton,Ontario,Canada,83,Texas,NV,2011,1,false,1,4,
5,3229,Antawn,Jamison,Power Forward,4,true,3247,81,235,1976,Shreveport,Louisiana,United States,6,North Carolina,NC,1998,14,false,1,4,
5,411540,Mychel,Thompson,Guard-Forward,21,false,4985,78,211,1988,Los Angeles,California,United States,695,Pepperdine,,2011,1,false,Undrafted,,
5,330374,Donald,Sloan,Guard,15,true,4836,75,205,1988,Shreveport,Louisiana,United States,84,Texas A&M,TX,2011,1,false,Undrafted,,
5,266557,Daniel,Gibson,Guard,1,true,4170,74,200,1986,Houston,Texas,United States,83,Texas,TX,2006,6,false,2,12,
5,401093,Manny,Harris,Shooting Guard,6,false,4827,77,185,1989,Detroit,Michigan,United States,29,Michigan,,2010,2,false,Undrafted,,
5,54865,Luke,Walton,Small Forward,32,true,3735,80,235,1980,San Diego,California,United States,57,Arizona,CA,2003,9,false,2,3,
5,503779,Omri,Casspi,Small Forward,36,true,4628,81,225,1988,Yavne,,Israel,,None,,2009,3,false,1,23,
5,3153,Anthony,Parker,Guard-Forward,18,false,3171,78,210,1975,Naperville,Illinois,United States,667,Bradley,IL,1997,9,false,1,21,
5,551768,Kyrie,Irving,Point Guard,2,true,4840,75,191,1992,Melbourne,Victoria,Australia,2,Duke,NJ,2011,1,false,1,1,
5,456458,Semih,Erden,Center,9,false,4522,84,240,1986,Istanbul,,Turkey,,None,,2010,2,false,2,30,
5,468847,Samardo,Samuels,Power Forward,24,true,4799,81,260,1989,Trelawny,,Jamaica,100,Louisville,NJ,2010,2,false,Undrafted,,
5,296605,Alonzo,Gee,Guard-Forward,33,true,4686,78,219,1987,Riviera Beach,Florida,United States,73,Alabama,FL,2009,3,false,Undrafted,,
5,329857,Luke,Harangody,Power Forward,44,true,4783,80,246,1988,Decatur,Illinois,United States,104,Notre Dame,IN,2010,2,false,2,22,
5,401680,D.J.,Kennedy,Guard-Forward,12,true,5006,78,215,1989,Pittsburgh,Pennsylvania,United States,141,St. John's,PA,2011,1,false,Undrafted,,
4,330057,Taj,Gibson,Power Forward,22,true,4631,81,225,1985,San Fernando,California,United States,62,USC,CA,2009,3,false,1,26,
4,229955,Ronnie,Brewer,Guard-Forward,11,true,4142,79,227,1985,Portland,Oregon,United States,74,Arkansas,AR,2006,6,false,1,14,
4,399612,Derrick,Rose,Point Guard,1,true,4387,75,190,1988,Chicago,Illinois,United States,101,Memphis,IL,2008,4,false,1,1,
4,229569,Luol,Deng,Small Forward,9,true,3824,81,220,1985,Wow,,Sudan,2,Duke,NJ,2004,8,false,1,7,
4,458730,Jimmy,Butler,Guard-Forward,21,true,4912,79,220,1989,Houston,Texas,United States,653,Marquette,TX,2011,1,false,1,30,
4,263220,Joakim,Noah,Forward-Center,13,true,4287,83,232,1985,New York,New York,United States,67,Florida,NJ,2007,5,false,1,9,
4,75211,Mike,James,Point Guard,8,true,3577,74,188,1975,Amityville,New York,United States,136,Duquesne,NY,2001,10,false,Undrafted,,
4,58293,Kyle,Korver,Guard-Forward,26,true,3754,79,212,1981,Lakewood,California,United States,668,Creighton,IA,2003,9,false,2,22,
4,3525,Brian,Scalabrine,Forward-Center,24,false,3544,81,235,1978,Long Beach,California,United States,62,USC,WA,2001,11,false,2,6,
4,65759,John,Lucas,Point Guard,22,true,4052,71,165,1982,Washington,District of Columbia,United States,25,Oklahoma State,DC,2005,4,false,Undrafted,,
4,168040,Carlos,Boozer,Forward-Center,5,true,3632,81,266,1981,Juneau,Alaska,United States,2,Duke,AK,2002,10,false,2,6,
4,3312,Richard,Hamilton,Shooting Guard,32,true,3330,79,193,1978,Coatesville,Pennsylvania,United States,202,Connecticut,PA,1999,13,false,1,7,
4,174025,C.J.,Watson,Point Guard,1,true,4354,74,175,1984,Las Vegas,Nevada,United States,71,Tennessee,,2007,5,false,Undrafted,,
4,456453,Omer,Asik,Center,3,true,4499,84,255,1986,Bursa,,Turkey,,None,,2010,2,false,2,6,
7,263217,Corey,Brewer,Guard-Forward,13,true,4285,81,188,1986,Portland,Tennessee,United States,67,Florida,TN,2007,5,false,1,7,
7,295941,Wilson,Chandler,Guard-Forward,21,true,4301,80,225,1987,Benton Harbor,Michigan,United States,652,DePaul,MI,2007,5,false,1,23,
7,263229,Arron,Afflalo,Shooting Guard,6,true,4305,77,215,1985,Los Angeles,California,United States,64,UCLA,CA,2007,5,false,1,27,
7,75344,Chris,Andersen,Forward-Center,11,false,3598,82,228,1978,Long Beach,California,United States,10156,Blinn (TX) JC,TX,2001,10,false,Undrafted,,
7,3250,Al,Harrington,Forward-Center,17,true,3268,81,245,1980,Orange,New Jersey,United States,,None,NJ,1998,14,false,1,25,
7,398066,Kosta,Koufos,Forward-Center,41,true,4485,84,265,1989,Canton,Ohio,United States,33,Ohio State,OH,2008,4,false,1,23,
7,513608,Jordan,Hamilton,Small Forward,1,true,4908,79,220,1990,Los Angeles,California,United States,83,Texas,CA,2011,1,false,1,26,
7,399800,Julyan,Stone,Guard-Forward,10,true,5000,79,200,1988,Alexandria,Virginia,United States,95,UTEP,,2011,1,false,Undrafted,,
7,393435,Rudy,Fernandez,Guard-Forward,5,false,4302,78,185,1985,Palma de Mallorca,,Spain,,None,,2008,4,false,1,24,
7,329672,Ty,Lawson,Point Guard,3,true,4623,71,195,1987,Clinton,Maryland,United States,6,North Carolina,VA,2009,3,false,1,18,
7,456448,Danilo,Gallinari,Small Forward,8,true,4468,82,225,1988,Sant'Angelo Lodigiano,,Italy,,None,,2008,4,false,1,6,
7,3313,Andre,Miller,Guard,24,true,3331,74,200,1976,Los Angeles,California,United States,94,Utah,CA,1999,13,false,1,8,
7,411111,Kenneth,Faried,Power Forward,35,true,4904,80,228,1989,Newark,New Jersey,United States,153,Morehead State,NJ,2011,1,false,1,22,
7,552679,Timofey,Mozgov,Center,25,true,4794,85,250,1986,Leningrad,,USSR,,None,,2010,2,false,Undrafted,,
7,333212,JaVale,McGee,Center,34,true,4480,84,260,1988,Flint,Michigan,United States,39,Nevada,IL,2008,4,false,1,18,
6,2616,Jason,Kidd,Point Guard,5,true,2625,76,210,1973,San Francisco,California,United States,59,California,CA,1994,18,false,1,2,
6,3230,Vince,Carter,Shooting Guard,25,true,3248,78,220,1977,Daytona Beach,Florida,United States,6,North Carolina,FL,1998,14,false,1,5,
6,172528,Kelenna,Azubuike,Guard-Forward,14,true,4030,77,215,1983,London,,England,69,Kentucky,,2006,5,false,Undrafted,,
6,3234,Dirk,Nowitzki,Power Forward,41,true,3252,84,245,1978,Wurzburg,,West Germany,,None,,1998,14,false,1,9,
6,3309,Lamar,Odom,Forward,7,true,3327,82,230,1979,Jamaica,New York,United States,206,Rhode Island,NY,1999,13,false,1,4,
6,3513,Brendan,Haywood,Center,34,true,3532,84,263,1979,New York,New York,United States,6,North Carolina,NC,2001,11,false,1,20,
6,393433,Yi,Jianlian,Forward-Center,9,false,4284,84,250,1987,Heshan,,China,,None,,2007,5,false,1,6,
6,66244,Delonte,West,Guard,13,true,3841,75,191,1983,Washington,District of Columbia,United States,630,St. Joseph's,MD,2004,8,false,1,24,
6,292393,Ian,Mahinmi,Center,28,true,3954,83,230,1986,Rouen,,France,,None,,2007,4,false,1,28,
6,3424,Brian,Cardinal,Forward,35,false,3443,80,240,1977,Tolono,Illinois,United States,35,Purdue,IL,2000,12,false,2,15,
6,329675,Brandan,Wright,Power Forward,34,true,4286,82,245,1987,Nashville,Tennessee,United States,6,North Carolina,TN,2007,4,false,1,8,
6,503780,Rodrigue,Beaubois,Guard,3,true,4630,74,182,1988,Pointe-a-Pitre,Guadeloupe,France,,None,,2009,3,false,1,25,
6,399661,Dominique,Jones,Guard,20,true,4756,76,215,1988,Lake Wales,Florida,United States,655,South Florida,FL,2010,2,false,1,25,
6,3315,Jason,Terry,Guard,4,true,3333,74,180,1977,Seattle,Washington,United States,57,Arizona,WA,1999,13,false,1,10,
6,3314,Shawn,Marion,Forward,0,true,3332,79,228,1978,Waukegan,Illinois,United States,40,UNLV,TN,1999,13,false,1,9,
9,172997,Nate,Robinson,Guard,2,true,3947,69,180,1984,Seattle,Washington,United States,65,Washington,WA,2005,7,false,1,21,
9,457611,Klay,Thompson,Guard-Forward,11,true,4892,79,205,1990,Los Angeles,California,United States,66,Washington State,CA,2011,1,false,1,11,
9,599813,Jeremy,Tyler,Center,3,true,4921,82,260,1991,San Diego,California,United States,,None,CA,2011,1,false,2,9,
9,58414,Earl,Barron,Center,40,false,3908,84,250,1981,Clarksdale,Mississippi,United States,101,Memphis,MS,2005,6,false,Undrafted,,
9,253989,Andris,Biedrins,Center,15,true,3828,84,240,1986,Riga,,USSR,,None,,2004,8,false,1,11,
9,3290,Mikki,Moore,Forward-Center,31,false,3308,84,225,1975,Orangeburg,South Carolina,United States,23,Nebraska,SC,1998,13,false,Undrafted,,
9,253998,Dorell,Wright,Guard-Forward,3,true,3836,81,205,1985,Los Angeles,California,United States,,None,CA,2004,8,false,1,19,
9,229723,Dominic,McGuire,Forward,5,false,4338,81,235,1985,San Diego,California,United States,90,Fresno State,CA,2007,5,false,2,17,
9,3504,Richard,Jefferson,Small Forward,44,true,3523,79,225,1980,Los Angeles,California,United States,57,Arizona,AZ,2001,11,false,1,13,
9,303308,Mickell,Gladness,Forward-Center,32,true,4823,83,220,1986,Birmingham,Alabama,United States,356,Alabama A&M,AL,2011,1,false,Undrafted,,
9,3492,Kwame,Brown,Center,54,true,3511,83,270,1982,Charleston,South Carolina,United States,,None,GA,2001,11,false,1,1,
9,338709,Keith,Benson,Center,34,false,4930,83,230,1988,Farmington Hills,Michigan,United States,779,Oakland,MI,2011,1,false,2,18,
9,303807,Brandon,Rush,Shooting Guard,4,true,4475,78,210,1985,Kansas City,Missouri,United States,20,Kansas,NC,2008,4,false,1,13,
9,331234,Charles,Jenkins,Point Guard,22,true,4925,75,220,1989,Queens,New York,United States,214,Hofstra,NY,2011,1,false,2,14,
9,395656,Chris,Wright,Forward,33,true,4947,80,226,1988,Bowie,Maryland,United States,166,Dayton,,2011,1,false,Undrafted,,
9,338365,Stephen,Curry,Point Guard,30,true,4612,75,185,1988,Akron,Ohio,United States,212,Davidson,NC,2009,3,false,1,7,
9,65840,David,Lee,Forward-Center,10,true,3956,81,240,1983,St. Louis,Missouri,United States,67,Florida,MO,2005,7,false,1,30,
8,278110,Rodney,Stuckey,Guard,3,true,4293,77,205,1986,Seattle,Washington,United States,113,Eastern Washington,WA,2007,5,false,1,15,
8,332667,Vernon,Macklin,Power Forward,20,true,4934,82,227,1987,Portsmouth,Virginia,United States,67,Florida,VA,2011,1,false,2,22,
8,66269,Walker,Russell Jr.,Guard,23,true,4347,72,170,1982,Pontiac,Michigan,United States,247,Jacksonville State,,2011,1,false,Undrafted,,
8,57795,Damien,Wilkins,Guard-Forward,9,false,3900,78,225,1980,Washington,North Carolina,United States,68,Georgia,FL,2004,8,false,Undrafted,,
8,467468,Greg,Monroe,Center,10,true,4722,83,253,1990,Harvey,Louisiana,United States,137,Georgetown,LA,2010,2,false,1,7,
8,553575,Brandon,Knight,Guard,7,true,4889,75,189,1991,Miami,Florida,United States,69,Kentucky,FL,2011,1,false,1,8,
8,229764,Charlie,Villanueva,Power Forward,31,true,3933,83,232,1984,Queens,New York,United States,202,Connecticut,NJ,2005,7,false,1,7,
8,503807,Jonas,Jerebko,Forward,33,true,4644,80,231,1987,Boras,,Sweden,,None,,2009,2,false,2,9,
8,3131,Ben,Wallace,Forward-Center,6,false,3149,81,240,1974,White Hall,Alabama,United States,235,Virginia Union,AL,1996,16,false,Undrafted,,
8,65900,Ben,Gordon,Shooting Guard,10,true,3820,75,200,1983,London,,England,202,Connecticut,NY,2004,8,false,1,3,
8,168029,Tayshaun,Prince,Forward,22,true,3621,81,215,1980,Compton,California,United States,69,Kentucky,CA,2002,10,false,1,23,
8,400612,Austin,Daye,Forward,5,true,4620,83,205,1988,Irvine,California,United States,694,Gonzaga,CA,2009,3,false,1,15,
8,65968,Jason,Maxiell,Power Forward,54,true,3952,79,260,1983,Chicago,Illinois,United States,98,Cincinnati,TX,2005,7,false,1,26,
8,65868,Will,Bynum,Point Guard,12,true,3999,72,185,1983,Chicago,Illinois,United States,4,Georgia Tech,IL,2005,5,false,Undrafted,,
11,295432,Darren,Collison,Point Guard,2,true,4626,72,160,1987,Rancho Cucamonga,California,United States,64,UCLA,,2009,3,false,1,21,
11,393438,Kyrylo,Fesenko,Center,44,false,4315,85,280,1986,Dnepropetrovsk,,USSR,,None,,2007,5,false,2,8,
11,55160,Dahntay,Jones,Guard-Forward,1,true,3723,78,210,1980,Trenton,New Jersey,United States,2,Duke,NJ,2003,9,false,1,20,
11,295923,Tyler,Hansbrough,Forward-Center,50,true,4618,81,250,1985,Columbia,Missouri,United States,6,North Carolina,MO,2009,3,false,1,13,
11,57934,David,West,Power Forward,21,true,3721,81,240,1980,Teaneck,New Jersey,United States,635,Xavier,NC,2003,9,false,1,18,
11,266369,Roy,Hibbert,Center,55,true,4479,86,275,1986,Queens,New York,United States,137,Georgetown,MD,2008,4,false,1,17,
11,66027,Louis,Amundson,Power Forward,17,false,4190,81,225,1982,Boulder,Colorado,United States,40,UNLV,CO,2006,6,false,Undrafted,,
11,469218,Paul,George,Guard-Forward,24,true,4725,80,210,1990,Palmdale,California,United States,90,Fresno State,CA,2010,2,false,1,10,
11,511057,Lance,Stephenson,Shooting Guard,6,true,4771,77,210,1990,Brooklyn,New York,United States,98,Cincinnati,NY,2010,2,false,2,10,
11,214163,Leandro,Barbosa,Guard,28,false,3731,75,194,1982,Sao Paulo,,Brazil,,None,,2003,9,false,1,28,
11,3326,Jeff,Foster,Forward-Center,10,false,3344,83,250,1977,San Antonio,Texas,United States,185,Texas State,TX,1999,13,false,1,21,
11,66433,Danny,Granger,Forward,33,true,3943,81,228,1983,New Orleans,Louisiana,United States,92,New Mexico,LA,2005,7,false,1,17,
11,329482,A.J.,Price,Point Guard,12,true,4657,74,180,1986,Orange,New Jersey,United States,202,Connecticut,NY,2009,3,false,2,22,
11,295420,Jeff,Pendergraph,Forward-Center,29,true,4636,81,240,1987,Etiwanda,California,United States,58,Arizona State,CA,2009,2,false,2,1,
11,277552,George,Hill,Guard,3,true,4488,74,180,1986,Indianapolis,Indiana,United States,861,IUPUI,IN,2008,4,false,1,26,
10,266394,Kyle,Lowry,Point Guard,3,true,4152,72,205,1986,Philadelphia,Pennsylvania,United States,199,Villanova,PA,2006,6,false,1,24,
10,66903,Kevin,Martin,Shooting Guard,12,true,3843,79,185,1983,Zanesville,Ohio,United States,179,Western Carolina,OH,2004,8,false,1,26,
10,168061,Luis,Scola,Forward-Center,7,true,3653,81,245,1980,Buenos Aires,,Argentina,,None,,2007,5,false,2,27,
10,515415,Greg,Smith,Center,0,true,4987,82,250,1991,Fresno,California,United States,90,Fresno State,,2011,1,false,Undrafted,,
10,3515,Samuel,Dalembert,Center,21,true,3534,83,250,1981,Port-au-Prince,,Haiti,637,Seton Hall,NJ,2001,10,false,1,26,
10,329710,Chase,Budinger,Small Forward,10,true,4649,79,218,1988,Encinitas,California,United States,57,Arizona,CA,2009,3,false,2,14,
10,276755,Courtney,Lee,Guard-Forward,11,true,4484,77,200,1985,Indianapolis,Indiana,United States,224,Western Kentucky,IN,2008,4,false,1,22,
10,3066,Marcus,Camby,Center,29,true,3084,83,235,1974,Hartford,Connecticut,United States,204,Massachusetts,CT,1996,16,false,1,2,
10,399599,Patrick,Patterson,Forward-Center,54,true,4729,81,235,1989,Washington,District of Columbia,United States,69,Kentucky,WV,2010,2,false,1,14,
10,460847,Courtney,Fortson,Guard,9,true,4998,71,180,1988,Montgomery,Alabama,United States,74,Arkansas,,2011,1,false,Undrafted,,
10,400599,Chandler,Parsons,Forward,25,true,4920,81,200,1988,Casselberry,Florida,United States,67,Florida,FL,2011,1,false,2,8,
10,469089,Marcus,Morris,Power Forward,2,true,4895,81,235,1989,Philadelphia,Pennsylvania,United States,20,Kansas,PA,2011,1,false,1,14,
10,456456,Goran,Dragic,Point Guard,1,true,4507,75,190,1986,Ljubljana,,Yugoslavia,,None,,2008,4,false,2,15,
10,295794,Jeff,Adrien,Small Forward,8,false,4802,79,243,1986,Naples,Florida,United States,202,Connecticut,MA,2010,2,false,Undrafted,,
10,3293,Earl,Boykins,Point Guard,6,false,3311,65,133,1976,Cleveland,Ohio,United States,51,Eastern Michigan,OH,1998,13,false,Undrafted,,
13,511638,Darius,Morris,Point Guard,1,true,4923,76,190,1991,Los Angeles,California,United States,29,Michigan,CA,2011,1,false,2,11,
13,292387,Andrew,Bynum,Center,17,true,3936,84,285,1987,Plainsboro,New Jersey,United States,,None,NJ,2005,7,false,1,10,
13,168051,Matt,Barnes,Small Forward,9,false,3643,79,225,1980,Citrus Heights,California,United States,64,UCLA,CA,2003,9,false,2,17,
13,3494,Pau,Gasol,Forward-Center,16,true,3513,84,250,1980,Barcelona,,Spain,,None,,2001,11,false,1,3,
13,278479,Ramon,Sessions,Guard,13,true,4333,75,190,1986,Myrtle Beach,South Carolina,United States,39,Nevada,SC,2007,5,false,2,26,
13,3100,Kobe,Bryant,Shooting Guard,24,true,3118,78,205,1978,Philadelphia,Pennsylvania,United States,,None,PA,1996,16,false,1,13,
13,3505,Troy,Murphy,Forward-Center,14,false,3524,83,245,1980,Morristown,New Jersey,United States,104,Notre Dame,NJ,2001,11,false,1,14,
13,503791,Christian,Eyenga,Small Forward,88,true,4635,79,210,1989,Kinshasa,,Congo,,None,,2010,2,false,1,30,
13,3321,Metta,World Peace,Forward,15,true,3339,79,260,1979,Queens,New York,United States,141,St. John's,NY,1999,13,false,1,16,
13,295927,Josh,McRoberts,Forward-Center,50,true,4314,82,240,1987,Indianapolis,Indiana,United States,2,Duke,IN,2007,5,false,2,7,
13,329711,Jordan,Hill,Forward-Center,27,true,4613,82,235,1987,Newberry,South Carolina,United States,57,Arizona,,2009,3,false,1,8,
13,410116,Andrew,Goudelock,Guard,0,true,4928,75,200,1988,Stone Mountain,Georgia,United States,687,Charleston,GA,2011,1,false,2,16,
13,469491,Devin,Ebanks,Guard-Forward,3,true,4774,81,215,1989,Queens,New York,United States,17,West Virginia,CT,2010,2,false,2,13,
13,58213,Jason,Kapono,Guard-Forward,28,false,3734,80,215,1981,Long Beach,California,United States,64,UCLA,CA,2003,9,false,2,2,
13,58258,Steve,Blake,Point Guard,5,true,3741,75,170,1980,Hollywood,Florida,United States,5,Maryland,VA,2003,9,false,2,9,
12,399725,Blake,Griffin,Forward-Center,32,true,4561,82,252,1989,Oklahoma City,Oklahoma,United States,24,Oklahoma,CA,2009,2,false,1,1,
12,172692,Randy,Foye,Guard,4,true,4135,76,213,1983,Newark,New Jersey,United States,199,Villanova,NJ,2006,6,false,1,7,
12,3381,Kenyon,Martin,Forward-Center,2,false,3400,81,240,1977,Saginaw,Michigan,United States,98,Cincinnati,TX,2000,12,false,1,1,
12,398142,DeAndre,Jordan,Center,6,true,4497,83,265,1988,Houston,Texas,United States,84,Texas A&M,TX,2008,4,false,2,5,
12,229598,Chris,Paul,Point Guard,3,true,3930,72,175,1985,Winston-Salem,North Carolina,United States,9,Wake Forest,NC,2005,7,false,1,4,
12,263228,Nick,Young,Guard-Forward,13,true,4294,79,210,1985,Reseda,California,United States,62,USC,CA,2007,5,false,1,16,
12,466775,Travis,Leslie,Guard-Forward,23,true,4929,76,205,1990,Decatur,Georgia,United States,68,Georgia,GA,2011,1,false,2,17,
12,3532,Bobby,Simmons,Forward,21,false,3551,78,235,1980,Chicago,Illinois,United States,652,DePaul,IL,2001,10,false,2,13,
12,3156,Chauncey,Billups,Guard,1,true,3174,75,202,1976,Denver,Colorado,United States,18,Colorado,CO,1997,15,false,1,3,
12,65834,Mo,Williams,Guard,16,true,3750,73,195,1982,Jackson,Mississippi,United States,73,Alabama,MS,2003,9,false,2,18,
12,173147,Reggie,Evans,Power Forward,30,true,3663,80,245,1980,Pensacola,Florida,United States,28,Iowa,FL,2002,10,false,Undrafted,,
12,65910,Ryan,Gomes,Forward,15,false,3976,79,245,1982,Waterbury,Connecticut,United States,636,Providence,CT,2005,7,false,2,20,
12,509449,Eric,Bledsoe,Guard,12,true,4749,73,195,1989,Birmingham,Alabama,United States,69,Kentucky,AL,2010,2,false,1,18,
12,168016,Caron,Butler,Small Forward,5,true,3608,79,228,1980,Racine,Wisconsin,United States,202,Connecticut,WI,2002,10,false,1,10,
12,466777,Trey,Thompkins,Power Forward,34,true,4919,82,245,1990,Lithonia,Georgia,United States,68,Georgia,GA,2011,1,false,2,7,
15,401618,Larry,Sanders,Forward-Center,8,true,4730,83,235,1988,Fort Pierce,Florida,United States,651,Virginia Commonwealth,FL,2010,2,false,1,15,
15,253980,Shaun,Livingston,Guard,11,true,3821,79,175,1985,Peoria,Illinois,United States,,None,IL,2004,7,false,1,4,
15,552523,Tobias,Harris,Forward,15,true,4901,80,226,1992,Dix Hills,New York,United States,71,Tennessee,NY,2011,1,false,1,19,
15,398090,Jon,Leuer,Forward-Center,30,true,4922,82,228,1989,Long Lake,Minnesota,United States,36,Wisconsin,MN,2011,1,false,2,10,
15,400683,Darington,Hobson,Shooting Guard,11,false,4768,79,205,1987,Las Vegas,Nevada,United States,92,New Mexico,IL,2010,1,false,2,7,
15,292397,Monta,Ellis,Guard,11,true,3966,75,185,1985,Jackson,Mississippi,United States,,None,MS,2005,7,false,2,10,
15,292396,Ersan,Ilyasova,Power Forward,7,true,3962,82,235,1987,Eskisehir,,Turkey,,None,,2005,4,false,2,6,
15,168066,Mike,Dunleavy,Guard-Forward,17,true,3601,81,230,1980,Fort Worth,Texas,United States,2,Duke,OR,2002,10,false,1,3,
15,331197,Ekpe,Udoh,Forward-Center,13,true,4721,82,245,1987,Edmond,Oklahoma,United States,79,Baylor,,2010,2,false,1,6,
15,229912,Andrew,Bogut,Center,12,true,3927,84,260,1984,Melbourne,Victoria,Australia,94,Utah,,2005,7,false,1,1,
15,478196,Brandon,Jennings,Point Guard,3,true,4615,73,169,1989,Los Angeles,California,United States,,None,VA,2009,3,false,1,10,
15,214160,Carlos,Delfino,Guard-Forward,10,false,3728,78,230,1982,Santa Fe,,Argentina,,None,,2004,7,false,1,25,
15,168010,Drew,Gooden,Forward-Center,0,true,3602,82,250,1981,Oakland,California,United States,20,Kansas,CA,2002,10,false,1,4,
15,295407,Jon,Brockman,Forward-Center,40,true,4643,79,255,1987,Snohomish,Washington,United States,65,Washington,WA,2009,3,false,2,8,
15,254007,Beno,Udrih,Point Guard,19,true,3845,75,203,1982,Celje,,Yugoslavia,,None,,2004,8,false,1,28,
15,295436,Luc Richard,Mbah a Moute,Forward,12,true,4498,80,230,1986,Yaounde,,Cameroon,64,UCLA,FL,2008,4,false,2,7,
14,265013,Joel,Anthony,Forward-Center,50,true,4339,81,245,1982,Montreal,Quebec,Canada,40,UNLV,,2007,5,false,Undrafted,,
14,3385,Mike,Miller,Guard-Forward,13,true,3404,80,210,1980,Mitchell,South Dakota,United States,67,Florida,SD,2000,12,false,1,5,
14,296572,Mario,Chalmers,Point Guard,15,true,4496,74,190,1986,Anchorage,Alaska,United States,20,Kansas,AK,2008,4,false,2,4,
14,226806,Udonis,Haslem,Power Forward,40,true,3765,80,235,1980,Miami,Florida,United States,67,Florida,FL,2003,9,false,Undrafted,,
14,3497,Shane,Battier,Guard-Forward,31,true,3516,80,225,1978,Birmingham,Michigan,United States,2,Duke,MI,2001,11,false,1,6,
14,3495,Eddy,Curry,Center,34,false,3514,84,295,1982,Harvey,Illinois,United States,,None,IL,2001,10,false,1,4,
14,295962,Terrel,Harris,Shooting Guard,14,true,4945,76,190,1987,Dallas,Texas,United States,25,Oklahoma State,TX,2011,1,false,Undrafted,,
14,2619,Juwan,Howard,Power Forward,5,false,2628,81,250,1973,Chicago,Illinois,United States,29,Michigan,IL,1994,18,false,1,5,
14,329529,Dexter,Pittman,Center,45,true,4763,83,285,1988,Rosenberg,Texas,United States,83,Texas,TX,2010,2,false,2,2,
14,172631,Chris,Bosh,Forward-Center,1,true,3707,83,235,1984,Dallas,Texas,United States,4,Georgia Tech,TX,2003,9,false,1,4,
14,58360,James,Jones,Guard-Forward,22,true,3752,80,215,1980,Miami,Florida,United States,11,Miami (FL),FL,2003,9,false,2,20,
14,61849,Dwyane,Wade,Guard,3,true,3708,76,220,1982,Chicago,Illinois,United States,653,Marquette,IL,2003,9,false,1,5,
14,410831,Norris,Cole,Point Guard,30,true,4910,74,175,1988,Dayton,Ohio,United States,663,Cleveland State,OH,2011,1,false,1,28,
14,76721,Ronny,Turiaf,Forward-Center,21,true,3963,82,246,1983,Le Robert,,France,694,Gonzaga,,2005,7,false,2,7,
14,214152,LeBron,James,Forward,6,true,3704,80,250,1984,Akron,Ohio,United States,,None,OH,2003,9,false,1,1,
17,264019,Shawne,Williams,Forward,7,false,4145,81,230,1986,Memphis,Tennessee,United States,101,Memphis,NC,2006,5,false,1,17,
17,278294,Larry,Owens,Guard-Forward,24,false,4687,79,210,1983,Mesa,Arizona,United States,782,Oral Roberts,AZ,2010,2,false,Undrafted,,
17,172537,Deron,Williams,Point Guard,8,true,3929,75,209,1984,Parkersburg,West Virginia,United States,26,Illinois,TX,2005,7,false,1,3,
17,510846,Jordan,Williams,Forward-Center,20,true,4918,82,260,1990,Torrington,Connecticut,United States,5,Maryland,CT,2011,1,false,2,6,
17,400386,Armon,Johnson,Point Guard,7,true,4765,75,195,1989,Reno,Nevada,United States,39,Nevada,NV,2010,2,false,2,4,
17,329527,Damion,James,Small Forward,10,false,4755,79,225,1987,Hobbs,New Mexico,United States,83,Texas,TX,2010,2,false,1,24,
17,398434,MarShon,Brooks,Guard-Forward,9,true,4907,77,200,1989,Stone Mountain,Georgia,United States,636,Providence,GA,2011,1,false,1,25,
17,329868,Dennis,Horner,Forward,31,false,4943,81,230,1988,Linwood,New Jersey,United States,7,North Carolina State,,2011,1,false,Undrafted,,
17,3514,Gerald,Wallace,Forward,45,true,3533,79,220,1982,Sylacauga,Alabama,United States,73,Alabama,AL,2001,11,false,1,25,
17,229649,Kris,Humphries,Power Forward,43,true,3831,81,235,1985,Minneapolis,Minnesota,United States,31,Minnesota,MN,2004,8,false,1,14,
17,332503,Jerry,Smith,Guard,28,false,4944,74,190,1987,Wauwatosa,Wisconsin,United States,100,Louisville,,2011,1,false,Undrafted,,
17,263231,Jordan,Farmar,Point Guard,2,false,4154,74,180,1986,Los Angeles,California,United States,64,UCLA,CA,2006,6,false,1,26,
17,292392,Johan,Petro,Center,28,true,3951,84,247,1986,Paris,,France,,None,,2005,7,false,1,25,
17,292391,Gerald,Green,Guard-Forward,15,true,3944,80,195,1986,Houston,Texas,United States,,None,TX,2005,5,false,1,18,
17,263899,Anthony,Morrow,Guard-Forward,22,true,4527,77,210,1985,Charlotte,North Carolina,United States,4,Georgia Tech,NC,2008,4,false,Undrafted,,
17,3403,DeShawn,Stevenson,Guard-Forward,92,true,3422,77,218,1981,Fresno,California,United States,,None,CA,2000,12,false,1,23,
17,62151,Andre,Emmett,Shooting Guard,14,false,3852,77,215,1982,Dallas,Texas,United States,86,Texas Tech,TX,2004,2,false,2,6,
17,58214,Keith,Bogans,Shooting Guard,6,true,3746,77,215,1980,Alexandria,Virginia,United States,69,Kentucky,MD,2003,9,false,2,14,
17,3528,Mehmet,Okur,Center,13,false,3547,83,260,1979,Yalova,,Turkey,,None,,2002,10,false,2,9,
17,330047,Brook,Lopez,Center,11,true,4472,84,265,1988,North Hollywood,California,United States,63,Stanford,CA,2008,4,false,1,10,
17,172645,Shelden,Williams,Forward-Center,33,false,4133,81,250,1983,Oklahoma City,Oklahoma,United States,2,Duke,OK,2006,6,false,1,5,
17,262876,Sundiata,Gaines,Guard,55,true,4708,73,200,1986,Queens,New York,United States,68,Georgia,,2009,3,false,Undrafted,,
16,457569,Malcolm,Lee,Shooting Guard,3,true,4924,77,200,1990,Riverside,California,United States,64,UCLA,CA,2011,1,false,2,13,
16,503689,Ricky,Rubio,Point Guard,9,true,4610,76,180,1990,Barcelona,,Spain,,None,,2011,1,false,1,5,
16,292385,Martell,Webster,Guard-Forward,5,false,3932,79,230,1986,Edmonds,Washington,United States,,None,WA,2005,7,false,1,6,
16,62414,Luke,Ridnour,Guard,13,true,3717,74,175,1981,Coeur d'Alene,Idaho,United States,60,Oregon,WA,2003,9,false,1,14,
16,173520,J.J.,Barea,Point Guard,11,true,4203,72,175,1984,Mayaguez,,Puerto Rico,197,Northeastern,,2006,6,false,Undrafted,,
16,395374,Kevin,Love,Forward-Center,42,true,4391,82,250,1988,Santa Monica,California,United States,64,UCLA,OR,2008,4,false,1,5,
16,509168,Derrick,Williams,Forward,7,true,4883,80,241,1991,La Mirada,California,United States,57,Arizona,CA,2011,1,false,1,2,
16,405345,Michael,Beasley,Forward,10,true,4388,82,230,1989,Frederick,Maryland,United States,21,Kansas State,MA,2008,4,false,1,2,
16,456452,Nikola,Pekovic,Center,14,true,4493,83,290,1986,Bijelo Polje,,Yugoslavia,,None,,2010,2,false,2,1,
16,329670,Wayne,Ellington,Shooting Guard,24,true,4633,76,200,1987,Wynnewood,Pennsylvania,United States,6,North Carolina,PA,2009,3,false,1,28,
16,398589,Anthony,Randolph,Forward-Center,15,true,4476,83,225,1989,Wurzbach,,West Germany,76,LSU,TX,2008,4,false,1,14,
16,229905,Anthony,Tolliver,Forward,44,false,4371,80,240,1985,Springfield,Missouri,United States,668,Creighton,,2008,4,false,Undrafted,,
16,3287,Brad,Miller,Center,52,true,3305,84,261,1976,Fort Wayne,Indiana,United States,35,Purdue,IN,1998,14,false,Undrafted,,
16,329544,Wes,Johnson,Guard-Forward,14,true,4719,79,215,1987,Corsicana,Texas,United States,14,Syracuse,TX,2010,2,false,1,4,
16,214153,Darko,Milicic,Center,31,false,3705,84,275,1985,Novi Sad,,Yugoslavia,,None,,2003,9,false,1,2,
19,329873,Ishmael,Smith,Point Guard,10,true,4800,72,175,1988,Charlotte,North Carolina,United States,9,Wake Forest,NC,2010,2,false,Undrafted,,
19,3233,Larry,Hughes,Guard-Forward,20,false,3251,77,185,1979,St. Louis,Missouri,United States,654,Saint Louis,MO,1998,13,false,1,8,
19,263904,Glen,Davis,Forward-Center,11,true,4313,81,289,1986,Baton Rouge,Louisiana,United States,76,LSU,LA,2007,5,false,2,5,
19,469487,DeAndre,Liggins,Guard-Forward,34,true,4935,78,209,1988,Chicago,Illinois,United States,69,Kentucky,NV,2011,1,false,2,23,
19,253975,Dwight,Howard,Center,12,true,3818,83,265,1985,Atlanta,Georgia,United States,,None,GA,2004,8,false,1,1,
19,3396,Hedo,Turkoglu,Forward,15,true,3415,82,220,1979,Istanbul,,Turkey,,None,,2000,12,false,1,16,
19,61934,Jameer,Nelson,Point Guard,14,true,3837,72,190,1982,Chester,Pennsylvania,United States,630,St. Joseph's,PA,2004,8,false,1,20,
19,3398,Quentin,Richardson,Guard-Forward,5,true,3417,78,228,1980,Chicago,Illinois,United States,652,DePaul,IL,2000,12,false,1,18,
19,172643,J.J.,Redick,Shooting Guard,7,true,4139,76,190,1984,Cookeville,Tennessee,United States,2,Duke,VA,2006,6,false,1,11,
19,229987,Von,Wafer,Guard,1,false,3965,77,209,1985,Homer,Louisiana,United States,3,Florida State,TX,2005,6,false,2,9,
19,3496,Jason,Richardson,Guard-Forward,23,true,3515,78,225,1981,Saginaw,Michigan,United States,30,Michigan State,MI,2001,11,false,1,5,
19,509453,Daniel,Orton,Forward-Center,21,true,4760,82,255,1990,Oklahoma City,Oklahoma,United States,69,Kentucky,OK,2010,1,false,1,29,
19,395648,Justin,Harper,Power Forward,32,true,4914,82,225,1989,Richmond,Virginia,United States,198,Richmond,VA,2011,1,false,2,2,
19,62845,Chris,Duhon,Point Guard,26,true,3855,73,190,1982,Mamou,Louisiana,United States,2,Duke,LA,2004,8,false,2,9,
19,329715,Ryan,Anderson,Forward-Center,33,true,4483,82,240,1988,Sacramento,California,United States,59,California,CA,2008,4,false,1,21,
19,332500,Earl,Clark,Forward,7,true,4619,82,225,1988,Plainfield,New Jersey,United States,100,Louisville,NJ,2009,3,false,1,14,
18,172890,Carmelo,Anthony,Forward,7,true,3706,80,230,1984,New York,New York,United States,14,Syracuse,VA,2003,9,false,1,3,
18,329511,Jerome,Jordan,Center,44,false,4775,84,240,1986,Kingston,,Jamaica,107,Tulsa,FL,2011,1,false,2,14,
18,457186,Iman,Shumpert,Guard,21,true,4898,77,220,1990,Oak Park,Illinois,United States,4,Georgia Tech,IL,2011,1,false,1,17,
18,3227,Mike,Bibby,Point Guard,20,false,3245,74,195,1978,Cherry Hill,New Jersey,United States,57,Arizona,AZ,1998,14,false,1,2,
18,262894,Toney,Douglas,Guard,23,true,4634,74,185,1986,Tampa,Florida,United States,3,Florida State,GA,2009,3,false,1,29,
18,3493,Tyson,Chandler,Center,6,true,3512,85,240,1982,Hanford,California,United States,,None,CA,2001,11,false,1,2,
18,469488,Josh,Harrellson,Forward-Center,57,true,4927,82,275,1989,St. Charles,Missouri,United States,69,Kentucky,MO,2011,1,false,2,15,
18,351927,Bill,Walker,Guard-Forward,5,false,4509,78,235,1987,Huntington,West Virginia,United States,21,Kansas State,OH,2008,4,false,2,17,
18,168039,Dan,Gadzuric,Forward-Center,50,true,3631,83,245,1978,Den Haag,,Netherlands,64,UCLA,MA,2002,10,false,2,5,
18,3308,Baron,Davis,Point Guard,85,false,3326,75,215,1979,Los Angeles,California,United States,64,UCLA,CA,1999,13,false,1,3,
18,168015,Amar'e,Stoudemire,Forward-Center,1,true,3607,82,260,1982,Lake Wales,Florida,United States,,None,FL,2002,10,false,1,9,
18,172571,Steve,Novak,Forward,16,true,4160,82,240,1983,Libertyville,Illinois,United States,653,Marquette,WI,2006,6,false,2,2,
18,340730,Jeremy,Lin,Point Guard,17,true,4795,75,200,1988,Palo Alto,California,United States,131,Harvard,CA,2010,2,false,Undrafted,,
18,168017,Jared,Jeffries,Forward-Center,24,true,3609,83,240,1981,Bloomington,Indiana,United States,27,Indiana,IN,2002,10,false,1,11,
18,229879,Renaldo,Balkman,Forward,32,false,4148,80,225,1984,Staten Island,New York,United States,70,South Carolina,NC,2006,6,false,1,20,
18,330046,Landry,Fields,Guard-Forward,9,true,4770,79,215,1988,Long Beach,California,United States,63,Stanford,CA,2010,2,false,2,9,
18,253997,J.R.,Smith,Guard-Forward,8,true,3835,78,220,1985,Freehold,New Jersey,United States,,None,NJ,2004,8,false,1,18,